tier,institution,office,why_and_hook,page_url,public_office_contact,status,verified_on,ref
1,San Francisco State University,Fellowships Office,Mitchell Scholarship page presents it as open ('submitted to the Fellowships Office by Noon on May 25 annually'). Mitchell has been paused since March 2024.,https://fellowships.sfsu.edu/mitchell-scholarship,fellows1@sfsu.edu,verified: page checked,2026-09-15,sfsu-fellowships
1,Temple University,Scholar Development and Fellowships Advising,"Correctly marks Payne terminated, but lists Pickering and Rangel as open with a mid-September deadline. Both 2026 cycles are postponed. Lead with that, and credit them for already updating Payne.",https://undergraduate.temple.edu/fellowships-advising/find-fellowship/payne-pickering-and-rangel-fellowships,(address is obfuscated on the page; use the office contact form),verified: page checked,2026-09-15,temple-sdfa
1,University of Maryland,National Scholarships Office,"Payne Fellowship page presents it as open, national deadline shown Oct 24, 2024. Payne was terminated 27 Feb 2025.",https://scholarships.umd.edu/payne,scholarships@umd.edu,verified: page checked,2026-09-15,umd-nso
1,University of Miami,Office of Prestigious Awards and Fellowships,"Payne page presents it as open ('Deadline: November, 2023', 'Apply directly through the Payne website'). Their Mitchell page already notes the pause.",https://oae.miami.edu/prestigious-awards-and-fellowships/search-scholarship-listings/payne.html,prestigiousawards@miami.edu,verified: page checked,2026-09-15,miami-opaf
1,University of Missouri,Office of Global and National Fellowships,Payne page presents it as active and still references graduate entry in fall 2015.,https://fellowships.missouri.edu/fellowship/payne-international-development-fellowship-program,fellowships@missouri.edu,verified: page checked,2026-09-15,mizzou-ognf
1,University of Texas at San Antonio,Office of Nationally Competitive Awards (Honors College),Rangel and Pickering page presents both as open with a September 1 campus deadline. Both 2026 cycles are postponed.,https://honors.utsa.edu/onca/awards/rangel-pickering.html,honors@utsa.edu,verified: page checked,2026-09-15,utsa-onca
2,Duke University,Duke Gap Year Program,"Funds admitted students' gap years: $5,000-$15,000, up to $25,000 with need. Also a Fulbright top producer.",https://dukegapyear.duke.edu/,,verified: program page exists,2026-09-15,duke-dgyp
2,Elon University,Student Professional Development Center — Service Year,"Runs a Year of Service Fellows program and publishes a service-year program list. That list mixes fee-charging providers (GVI, Projects Abroad, Cross-Cultural Solutions, United Planet) with paying ones (Peace Corps, Teach For America, City Year) without distinguishing them.",https://www.elon.edu/u/spdc/service-year/finding-the-best-fit-program/service-year-programs/,336.278.2000 (main),verified: page checked,2026-09-15,elon-spdc
2,Princeton University,Office of International Programs — Novogratz Bridge Year,"Runs a tuition-free, nine-month bridge year for admitted students. Also a 2025-26 Fulbright top producer.",https://oip.princeton.edu/our-programs/novogratz-bridge-year,,verified: program page exists,2026-09-15,princeton-bridge
2,Tufts University,Tisch College — 1+4 Bridge Year,"Bridge year of full-time service for incoming students. CHECK FIRST: the public pages found are from 2014-2019, and whether it runs for 2026-27 was not confirmed.",https://tischcollege.tufts.edu/news/term/96,,unconfirmed: verify still running,,tufts-1plus4
2,University of North Carolina at Chapel Hill,Global Gap Year Fellowship,"Funds gap and bridge years ($8,000 stipends). Top producer of both Fulbright students and scholars. Their Mitchell page is already up to date.",https://globalgap.unc.edu/bridge-year/,,verified: program page exists,2026-09-15,unc-ggyf
3,St. Olaf College,Piper Center for Vocation and Career,"Publishes a gap year and service programs page (AmeriCorps, Lutheran and Jesuit Volunteer Corps, Teach For America, Peace Corps...). A maintained index saves them hand-curation.",https://wp.stolaf.edu/pipercenter/find-jobs-post-graduate-opportunities/gap-year-and-service-programs/,piper.center@stolaf.edu · 507-786-3268,verified: page checked,2026-09-15,stolaf-piper
3,Wake Forest University,Office of Personal & Career Development,Gap year page lists Projects Abroad (charges a fee) alongside AmeriCorps and Teach For America (pay) without distinguishing them. That is the priced-vs-paid angle.,https://opcd.wfu.edu/students/gap-year/,336.758.5902,verified: page checked,2026-09-15,wfu-opcd
3,Wake Forest University,Prehealth advising,Premed gap year page. Angle: NIH postbac and paid clinical roles.,https://prehealth.wfu.edu/additional-avenues-to-prepare-for-medicaldentalveterinary-school/taking-a-gap-year/,,found via search: page exists,,wfu-prehealth
4,Agnes Scott College,National/prestigious fellowships office,"Fulbright U.S. Student top producer 2025-26: a busy, active fellowship office. Open its fellowships list before writing; if it still lists Payne, Pickering, Rangel or Mitchell as open, move the row to Tier 1.",https://fulbrightprogram.org/fulbright-top-producing-institutions/,,verified: on official 2025-26 list,2026-09-15,agnes-scott-college
4,American University,National/prestigious fellowships office,"Fulbright U.S. Student top producer 2025-26: a busy, active fellowship office. Open its fellowships list before writing; if it still lists Payne, Pickering, Rangel or Mitchell as open, move the row to Tier 1. Email the fellowships office, not the AU Gap Program, which is a paid program AU sells.",https://fulbrightprogram.org/fulbright-top-producing-institutions/,,verified: on official 2025-26 list,2026-09-15,american-university
4,Amherst College,National/prestigious fellowships office,"Fulbright U.S. Student top producer 2025-26: a busy, active fellowship office. Open its fellowships list before writing; if it still lists Payne, Pickering, Rangel or Mitchell as open, move the row to Tier 1.",https://fulbrightprogram.org/fulbright-top-producing-institutions/,,verified: on official 2025-26 list,2026-09-15,amherst-college
4,Appalachian State University,National/prestigious fellowships office,"Fulbright U.S. Student top producer 2025-26: a busy, active fellowship office. Open its fellowships list before writing; if it still lists Payne, Pickering, Rangel or Mitchell as open, move the row to Tier 1.",https://fulbrightprogram.org/fulbright-top-producing-institutions/,,verified: on official 2025-26 list,2026-09-15,appalachian-state-university
4,Arizona State University,National/prestigious fellowships office,"Fulbright U.S. Student top producer 2025-26: a busy, active fellowship office. Open its fellowships list before writing; if it still lists Payne, Pickering, Rangel or Mitchell as open, move the row to Tier 1.",https://fulbrightprogram.org/fulbright-top-producing-institutions/,,verified: on official 2025-26 list,2026-09-15,arizona-state-university
4,Bard College,National/prestigious fellowships office,"Fulbright U.S. Student top producer 2025-26: a busy, active fellowship office. Open its fellowships list before writing; if it still lists Payne, Pickering, Rangel or Mitchell as open, move the row to Tier 1.",https://fulbrightprogram.org/fulbright-top-producing-institutions/,,verified: on official 2025-26 list,2026-09-15,bard-college
4,Barnard College,National/prestigious fellowships office,"Fulbright U.S. Student top producer 2025-26: a busy, active fellowship office. Open its fellowships list before writing; if it still lists Payne, Pickering, Rangel or Mitchell as open, move the row to Tier 1.",https://fulbrightprogram.org/fulbright-top-producing-institutions/,,verified: on official 2025-26 list,2026-09-15,barnard-college
4,Bates College,National/prestigious fellowships office,"Fulbright U.S. Student top producer 2025-26: a busy, active fellowship office. Open its fellowships list before writing; if it still lists Payne, Pickering, Rangel or Mitchell as open, move the row to Tier 1.",https://fulbrightprogram.org/fulbright-top-producing-institutions/,,verified: on official 2025-26 list,2026-09-15,bates-college
4,Baylor University,National/prestigious fellowships office,"Fulbright U.S. Student top producer 2025-26: a busy, active fellowship office. Open its fellowships list before writing; if it still lists Payne, Pickering, Rangel or Mitchell as open, move the row to Tier 1. TRIED: Mitchell page returned 403; check by hand: https://engagedlearning.web.baylor.edu/fellowships-awards/now-youre-considering/mitchell-scholarship",https://fulbrightprogram.org/fulbright-top-producing-institutions/,,verified: on official 2025-26 list,2026-09-15,baylor-university
4,Boise State University,National/prestigious fellowships office,"Fulbright U.S. Student top producer 2025-26: a busy, active fellowship office. Open its fellowships list before writing; if it still lists Payne, Pickering, Rangel or Mitchell as open, move the row to Tier 1.",https://fulbrightprogram.org/fulbright-top-producing-institutions/,,verified: on official 2025-26 list,2026-09-15,boise-state-university
4,Boston College,National/prestigious fellowships office,"Fulbright U.S. Student top producer 2025-26: a busy, active fellowship office. Open its fellowships list before writing; if it still lists Payne, Pickering, Rangel or Mitchell as open, move the row to Tier 1.",https://fulbrightprogram.org/fulbright-top-producing-institutions/,,verified: on official 2025-26 list,2026-09-15,boston-college
4,Boston University,National/prestigious fellowships office,"Fulbright U.S. Student top producer 2025-26: a busy, active fellowship office. Open its fellowships list before writing; if it still lists Payne, Pickering, Rangel or Mitchell as open, move the row to Tier 1.",https://fulbrightprogram.org/fulbright-top-producing-institutions/,,verified: on official 2025-26 list,2026-09-15,boston-university
4,Bowdoin College,National/prestigious fellowships office,"Fulbright U.S. Student top producer 2025-26: a busy, active fellowship office. Open its fellowships list before writing; if it still lists Payne, Pickering, Rangel or Mitchell as open, move the row to Tier 1.",https://fulbrightprogram.org/fulbright-top-producing-institutions/,,verified: on official 2025-26 list,2026-09-15,bowdoin-college
4,Brown University,National/prestigious fellowships office,"Fulbright U.S. Student top producer 2025-26: a busy, active fellowship office. Open its fellowships list before writing; if it still lists Payne, Pickering, Rangel or Mitchell as open, move the row to Tier 1.",https://fulbrightprogram.org/fulbright-top-producing-institutions/,,verified: on official 2025-26 list,2026-09-15,brown-university
4,Bryn Mawr College,National/prestigious fellowships office,"Fulbright U.S. Student top producer 2025-26: a busy, active fellowship office. Open its fellowships list before writing; if it still lists Payne, Pickering, Rangel or Mitchell as open, move the row to Tier 1.",https://fulbrightprogram.org/fulbright-top-producing-institutions/,,verified: on official 2025-26 list,2026-09-15,bryn-mawr-college
4,Carleton College,National/prestigious fellowships office,"Fulbright U.S. Student top producer 2025-26: a busy, active fellowship office. Open its fellowships list before writing; if it still lists Payne, Pickering, Rangel or Mitchell as open, move the row to Tier 1.",https://fulbrightprogram.org/fulbright-top-producing-institutions/,,verified: on official 2025-26 list,2026-09-15,carleton-college
4,Carnegie Mellon University,National/prestigious fellowships office,"Fulbright U.S. Student top producer 2025-26: a busy, active fellowship office. Open its fellowships list before writing; if it still lists Payne, Pickering, Rangel or Mitchell as open, move the row to Tier 1.",https://fulbrightprogram.org/fulbright-top-producing-institutions/,,verified: on official 2025-26 list,2026-09-15,carnegie-mellon-university
4,Colgate University,National/prestigious fellowships office,"Fulbright U.S. Student top producer 2025-26: a busy, active fellowship office. Open its fellowships list before writing; if it still lists Payne, Pickering, Rangel or Mitchell as open, move the row to Tier 1.",https://fulbrightprogram.org/fulbright-top-producing-institutions/,,verified: on official 2025-26 list,2026-09-15,colgate-university
4,College of Charleston,National/prestigious fellowships office,"Fulbright U.S. Student top producer 2025-26: a busy, active fellowship office. Open its fellowships list before writing; if it still lists Payne, Pickering, Rangel or Mitchell as open, move the row to Tier 1.",https://fulbrightprogram.org/fulbright-top-producing-institutions/,,verified: on official 2025-26 list,2026-09-15,college-of-charleston
4,College of the Holy Cross,National/prestigious fellowships office,"Fulbright U.S. Student top producer 2025-26: a busy, active fellowship office. Open its fellowships list before writing; if it still lists Payne, Pickering, Rangel or Mitchell as open, move the row to Tier 1.",https://fulbrightprogram.org/fulbright-top-producing-institutions/,,verified: on official 2025-26 list,2026-09-15,college-of-holy-cross
4,Colorado School of Mines,National/prestigious fellowships office,"Fulbright U.S. Student top producer 2025-26: a busy, active fellowship office. Open its fellowships list before writing; if it still lists Payne, Pickering, Rangel or Mitchell as open, move the row to Tier 1.",https://fulbrightprogram.org/fulbright-top-producing-institutions/,,verified: on official 2025-26 list,2026-09-15,colorado-school-of-mines
4,Columbia University,National/prestigious fellowships office,"Fulbright U.S. Student top producer 2025-26: a busy, active fellowship office. Open its fellowships list before writing; if it still lists Payne, Pickering, Rangel or Mitchell as open, move the row to Tier 1.",https://fulbrightprogram.org/fulbright-top-producing-institutions/,,verified: on official 2025-26 list,2026-09-15,columbia-university
4,Cornell University,National/prestigious fellowships office,"Fulbright U.S. Student top producer 2025-26: a busy, active fellowship office. Open its fellowships list before writing; if it still lists Payne, Pickering, Rangel or Mitchell as open, move the row to Tier 1.",https://fulbrightprogram.org/fulbright-top-producing-institutions/,,verified: on official 2025-26 list,2026-09-15,cornell-university
4,Dartmouth College,National/prestigious fellowships office,"Fulbright U.S. Student top producer 2025-26: a busy, active fellowship office. Open its fellowships list before writing; if it still lists Payne, Pickering, Rangel or Mitchell as open, move the row to Tier 1. TRIED: Mitchell page returned 403; check by hand: https://students.dartmouth.edu/fellowships/fellowship-opportunities/post-graduate-opportunities/united-kingdom-ireland/mitchell-scholarship",https://fulbrightprogram.org/fulbright-top-producing-institutions/,,verified: on official 2025-26 list,2026-09-15,dartmouth-college
4,Davidson College,National/prestigious fellowships office,"Fulbright U.S. Student top producer 2025-26: a busy, active fellowship office. Open its fellowships list before writing; if it still lists Payne, Pickering, Rangel or Mitchell as open, move the row to Tier 1.",https://fulbrightprogram.org/fulbright-top-producing-institutions/,,verified: on official 2025-26 list,2026-09-15,davidson-college
4,Duke University,National/prestigious fellowships office,"Fulbright U.S. Student top producer 2025-26: a busy, active fellowship office. Open its fellowships list before writing; if it still lists Payne, Pickering, Rangel or Mitchell as open, move the row to Tier 1. Also listed in a higher tier; send one email, not two.",https://fulbrightprogram.org/fulbright-top-producing-institutions/,,verified: on official 2025-26 list,2026-09-15,duke-university
4,Emory University,National/prestigious fellowships office,"Fulbright U.S. Student top producer 2025-26: a busy, active fellowship office. Open its fellowships list before writing; if it still lists Payne, Pickering, Rangel or Mitchell as open, move the row to Tier 1.",https://fulbrightprogram.org/fulbright-top-producing-institutions/,,verified: on official 2025-26 list,2026-09-15,emory-university
4,Georgetown University,National/prestigious fellowships office,"Fulbright U.S. Student top producer 2025-26: a busy, active fellowship office. Open its fellowships list before writing; if it still lists Payne, Pickering, Rangel or Mitchell as open, move the row to Tier 1.",https://fulbrightprogram.org/fulbright-top-producing-institutions/,,verified: on official 2025-26 list,2026-09-15,georgetown-university
4,Georgia Institute of Technology,National/prestigious fellowships office,"Fulbright U.S. Student top producer 2025-26: a busy, active fellowship office. Open its fellowships list before writing; if it still lists Payne, Pickering, Rangel or Mitchell as open, move the row to Tier 1. Also listed in a higher tier; send one email, not two.",https://fulbrightprogram.org/fulbright-top-producing-institutions/,,verified: on official 2025-26 list,2026-09-15,georgia-institute-of-technol
4,Grinnell College,National/prestigious fellowships office,"Fulbright U.S. Student top producer 2025-26: a busy, active fellowship office. Open its fellowships list before writing; if it still lists Payne, Pickering, Rangel or Mitchell as open, move the row to Tier 1.",https://fulbrightprogram.org/fulbright-top-producing-institutions/,,verified: on official 2025-26 list,2026-09-15,grinnell-college
4,Hamilton College,National/prestigious fellowships office,"Fulbright U.S. Student top producer 2025-26: a busy, active fellowship office. Open its fellowships list before writing; if it still lists Payne, Pickering, Rangel or Mitchell as open, move the row to Tier 1.",https://fulbrightprogram.org/fulbright-top-producing-institutions/,,verified: on official 2025-26 list,2026-09-15,hamilton-college
4,Harvard University,National/prestigious fellowships office,"Fulbright U.S. Student top producer 2025-26: a busy, active fellowship office. Open its fellowships list before writing; if it still lists Payne, Pickering, Rangel or Mitchell as open, move the row to Tier 1.",https://fulbrightprogram.org/fulbright-top-producing-institutions/,,verified: on official 2025-26 list,2026-09-15,harvard-university
4,Haverford College,National/prestigious fellowships office,"Fulbright U.S. Student top producer 2025-26: a busy, active fellowship office. Open its fellowships list before writing; if it still lists Payne, Pickering, Rangel or Mitchell as open, move the row to Tier 1.",https://fulbrightprogram.org/fulbright-top-producing-institutions/,,verified: on official 2025-26 list,2026-09-15,haverford-college
4,Hope College,National/prestigious fellowships office,"Fulbright U.S. Student top producer 2025-26: a busy, active fellowship office. Open its fellowships list before writing; if it still lists Payne, Pickering, Rangel or Mitchell as open, move the row to Tier 1.",https://fulbrightprogram.org/fulbright-top-producing-institutions/,,verified: on official 2025-26 list,2026-09-15,hope-college
4,"Indiana University, Bloomington",National/prestigious fellowships office,"Fulbright U.S. Student top producer 2025-26: a busy, active fellowship office. Open its fellowships list before writing; if it still lists Payne, Pickering, Rangel or Mitchell as open, move the row to Tier 1.",https://fulbrightprogram.org/fulbright-top-producing-institutions/,,verified: on official 2025-26 list,2026-09-15,indiana-university-bloomingt
4,Johns Hopkins University,National/prestigious fellowships office,"Fulbright U.S. Student top producer 2025-26: a busy, active fellowship office. Open its fellowships list before writing; if it still lists Payne, Pickering, Rangel or Mitchell as open, move the row to Tier 1.",https://fulbrightprogram.org/fulbright-top-producing-institutions/,,verified: on official 2025-26 list,2026-09-15,johns-hopkins-university
4,Kenyon College,National/prestigious fellowships office,"Fulbright U.S. Student top producer 2025-26: a busy, active fellowship office. Open its fellowships list before writing; if it still lists Payne, Pickering, Rangel or Mitchell as open, move the row to Tier 1.",https://fulbrightprogram.org/fulbright-top-producing-institutions/,,verified: on official 2025-26 list,2026-09-15,kenyon-college
4,Lafayette College,National/prestigious fellowships office,"Fulbright U.S. Student top producer 2025-26: a busy, active fellowship office. Open its fellowships list before writing; if it still lists Payne, Pickering, Rangel or Mitchell as open, move the row to Tier 1.",https://fulbrightprogram.org/fulbright-top-producing-institutions/,,verified: on official 2025-26 list,2026-09-15,lafayette-college
4,Loyola University Maryland,National/prestigious fellowships office,"Fulbright U.S. Student top producer 2025-26: a busy, active fellowship office. Open its fellowships list before writing; if it still lists Payne, Pickering, Rangel or Mitchell as open, move the row to Tier 1.",https://fulbrightprogram.org/fulbright-top-producing-institutions/,,verified: on official 2025-26 list,2026-09-15,loyola-university-maryland
4,Macalester College,National/prestigious fellowships office,"Fulbright U.S. Student top producer 2025-26: a busy, active fellowship office. Open its fellowships list before writing; if it still lists Payne, Pickering, Rangel or Mitchell as open, move the row to Tier 1.",https://fulbrightprogram.org/fulbright-top-producing-institutions/,,verified: on official 2025-26 list,2026-09-15,macalester-college
4,Massachusetts Institute of Technology,National/prestigious fellowships office,"Fulbright U.S. Student top producer 2025-26: a busy, active fellowship office. Open its fellowships list before writing; if it still lists Payne, Pickering, Rangel or Mitchell as open, move the row to Tier 1.",https://fulbrightprogram.org/fulbright-top-producing-institutions/,,verified: on official 2025-26 list,2026-09-15,massachusetts-institute-of-t
4,Miami University,National/prestigious fellowships office,"Fulbright U.S. Student top producer 2025-26: a busy, active fellowship office. Open its fellowships list before writing; if it still lists Payne, Pickering, Rangel or Mitchell as open, move the row to Tier 1.",https://fulbrightprogram.org/fulbright-top-producing-institutions/,,verified: on official 2025-26 list,2026-09-15,miami-university
4,Middlebury College,National/prestigious fellowships office,"Fulbright U.S. Student top producer 2025-26: a busy, active fellowship office. Open its fellowships list before writing; if it still lists Payne, Pickering, Rangel or Mitchell as open, move the row to Tier 1. Also listed in a higher tier; send one email, not two.",https://fulbrightprogram.org/fulbright-top-producing-institutions/,,verified: on official 2025-26 list,2026-09-15,middlebury-college
4,New York University,National/prestigious fellowships office,"Fulbright U.S. Student top producer 2025-26: a busy, active fellowship office. Open its fellowships list before writing; if it still lists Payne, Pickering, Rangel or Mitchell as open, move the row to Tier 1.",https://fulbrightprogram.org/fulbright-top-producing-institutions/,,verified: on official 2025-26 list,2026-09-15,new-york-university
4,Northwestern University,National/prestigious fellowships office,"Fulbright U.S. Student top producer 2025-26: a busy, active fellowship office. Open its fellowships list before writing; if it still lists Payne, Pickering, Rangel or Mitchell as open, move the row to Tier 1.",https://fulbrightprogram.org/fulbright-top-producing-institutions/,,verified: on official 2025-26 list,2026-09-15,northwestern-university
4,Oberlin College,National/prestigious fellowships office,"Fulbright U.S. Student top producer 2025-26: a busy, active fellowship office. Open its fellowships list before writing; if it still lists Payne, Pickering, Rangel or Mitchell as open, move the row to Tier 1.",https://fulbrightprogram.org/fulbright-top-producing-institutions/,,verified: on official 2025-26 list,2026-09-15,oberlin-college
4,Occidental College,National/prestigious fellowships office,"Fulbright U.S. Student top producer 2025-26: a busy, active fellowship office. Open its fellowships list before writing; if it still lists Payne, Pickering, Rangel or Mitchell as open, move the row to Tier 1.",https://fulbrightprogram.org/fulbright-top-producing-institutions/,,verified: on official 2025-26 list,2026-09-15,occidental-college
4,Pitzer College,National/prestigious fellowships office,"Fulbright U.S. Student top producer 2025-26: a busy, active fellowship office. Open its fellowships list before writing; if it still lists Payne, Pickering, Rangel or Mitchell as open, move the row to Tier 1.",https://fulbrightprogram.org/fulbright-top-producing-institutions/,,verified: on official 2025-26 list,2026-09-15,pitzer-college
4,Pomona College,National/prestigious fellowships office,"Fulbright U.S. Student top producer 2025-26: a busy, active fellowship office. Open its fellowships list before writing; if it still lists Payne, Pickering, Rangel or Mitchell as open, move the row to Tier 1.",https://fulbrightprogram.org/fulbright-top-producing-institutions/,,verified: on official 2025-26 list,2026-09-15,pomona-college
4,Princeton University,National/prestigious fellowships office,"Fulbright U.S. Student top producer 2025-26: a busy, active fellowship office. Open its fellowships list before writing; if it still lists Payne, Pickering, Rangel or Mitchell as open, move the row to Tier 1. Also listed in a higher tier; send one email, not two.",https://fulbrightprogram.org/fulbright-top-producing-institutions/,,verified: on official 2025-26 list,2026-09-15,princeton-university
4,Reed College,National/prestigious fellowships office,"Fulbright U.S. Student top producer 2025-26: a busy, active fellowship office. Open its fellowships list before writing; if it still lists Payne, Pickering, Rangel or Mitchell as open, move the row to Tier 1.",https://fulbrightprogram.org/fulbright-top-producing-institutions/,,verified: on official 2025-26 list,2026-09-15,reed-college
4,Rhode Island School of Design,National/prestigious fellowships office,"Fulbright U.S. Student top producer 2025-26: a busy, active fellowship office. Open its fellowships list before writing; if it still lists Payne, Pickering, Rangel or Mitchell as open, move the row to Tier 1.",https://fulbrightprogram.org/fulbright-top-producing-institutions/,,verified: on official 2025-26 list,2026-09-15,rhode-island-school-of-desig
4,Rhodes College,National/prestigious fellowships office,"Fulbright U.S. Student top producer 2025-26: a busy, active fellowship office. Open its fellowships list before writing; if it still lists Payne, Pickering, Rangel or Mitchell as open, move the row to Tier 1.",https://fulbrightprogram.org/fulbright-top-producing-institutions/,,verified: on official 2025-26 list,2026-09-15,rhodes-college
4,Rollins College,National/prestigious fellowships office,"Fulbright U.S. Student top producer 2025-26: a busy, active fellowship office. Open its fellowships list before writing; if it still lists Payne, Pickering, Rangel or Mitchell as open, move the row to Tier 1.",https://fulbrightprogram.org/fulbright-top-producing-institutions/,,verified: on official 2025-26 list,2026-09-15,rollins-college
4,"Rutgers University, New Brunswick",National/prestigious fellowships office,"Fulbright U.S. Student top producer 2025-26: a busy, active fellowship office. Open its fellowships list before writing; if it still lists Payne, Pickering, Rangel or Mitchell as open, move the row to Tier 1.",https://fulbrightprogram.org/fulbright-top-producing-institutions/,,verified: on official 2025-26 list,2026-09-15,rutgers-university-new-bruns
4,SUNY Geneseo,National/prestigious fellowships office,"Fulbright U.S. Student top producer 2025-26: a busy, active fellowship office. Open its fellowships list before writing; if it still lists Payne, Pickering, Rangel or Mitchell as open, move the row to Tier 1.",https://fulbrightprogram.org/fulbright-top-producing-institutions/,,verified: on official 2025-26 list,2026-09-15,suny-geneseo
4,School of Visual Arts,National/prestigious fellowships office,"Fulbright U.S. Student top producer 2025-26: a busy, active fellowship office. Open its fellowships list before writing; if it still lists Payne, Pickering, Rangel or Mitchell as open, move the row to Tier 1.",https://fulbrightprogram.org/fulbright-top-producing-institutions/,,verified: on official 2025-26 list,2026-09-15,school-of-visual-arts
4,School of the Art Institute of Chicago,National/prestigious fellowships office,"Fulbright U.S. Student top producer 2025-26: a busy, active fellowship office. Open its fellowships list before writing; if it still lists Payne, Pickering, Rangel or Mitchell as open, move the row to Tier 1.",https://fulbrightprogram.org/fulbright-top-producing-institutions/,,verified: on official 2025-26 list,2026-09-15,school-of-art-institute-of-c
4,Scripps College,National/prestigious fellowships office,"Fulbright U.S. Student top producer 2025-26: a busy, active fellowship office. Open its fellowships list before writing; if it still lists Payne, Pickering, Rangel or Mitchell as open, move the row to Tier 1.",https://fulbrightprogram.org/fulbright-top-producing-institutions/,,verified: on official 2025-26 list,2026-09-15,scripps-college
4,Smith College,National/prestigious fellowships office,"Fulbright U.S. Student top producer 2025-26: a busy, active fellowship office. Open its fellowships list before writing; if it still lists Payne, Pickering, Rangel or Mitchell as open, move the row to Tier 1.",https://fulbrightprogram.org/fulbright-top-producing-institutions/,,verified: on official 2025-26 list,2026-09-15,smith-college
4,St. Catherine University,National/prestigious fellowships office,"Fulbright U.S. Student top producer 2025-26: a busy, active fellowship office. Open its fellowships list before writing; if it still lists Payne, Pickering, Rangel or Mitchell as open, move the row to Tier 1.",https://fulbrightprogram.org/fulbright-top-producing-institutions/,,verified: on official 2025-26 list,2026-09-15,st-catherine-university
4,Stanford University,National/prestigious fellowships office,"Fulbright U.S. Student top producer 2025-26: a busy, active fellowship office. Open its fellowships list before writing; if it still lists Payne, Pickering, Rangel or Mitchell as open, move the row to Tier 1.",https://fulbrightprogram.org/fulbright-top-producing-institutions/,,verified: on official 2025-26 list,2026-09-15,stanford-university
4,Swarthmore College,National/prestigious fellowships office,"Fulbright U.S. Student top producer 2025-26: a busy, active fellowship office. Open its fellowships list before writing; if it still lists Payne, Pickering, Rangel or Mitchell as open, move the row to Tier 1.",https://fulbrightprogram.org/fulbright-top-producing-institutions/,,verified: on official 2025-26 list,2026-09-15,swarthmore-college
4,Texas State University,National/prestigious fellowships office,"Fulbright U.S. Student top producer 2025-26: a busy, active fellowship office. Open its fellowships list before writing; if it still lists Payne, Pickering, Rangel or Mitchell as open, move the row to Tier 1.",https://fulbrightprogram.org/fulbright-top-producing-institutions/,,verified: on official 2025-26 list,2026-09-15,texas-state-university
4,The Juilliard School,National/prestigious fellowships office,"Fulbright U.S. Student top producer 2025-26: a busy, active fellowship office. Open its fellowships list before writing; if it still lists Payne, Pickering, Rangel or Mitchell as open, move the row to Tier 1.",https://fulbrightprogram.org/fulbright-top-producing-institutions/,,verified: on official 2025-26 list,2026-09-15,juilliard-school
4,The Ohio State University,National/prestigious fellowships office,"Fulbright U.S. Student top producer 2025-26: a busy, active fellowship office. Open its fellowships list before writing; if it still lists Payne, Pickering, Rangel or Mitchell as open, move the row to Tier 1.",https://fulbrightprogram.org/fulbright-top-producing-institutions/,,verified: on official 2025-26 list,2026-09-15,ohio-state-university
4,The University of Alabama,National/prestigious fellowships office,"Fulbright U.S. Student top producer 2025-26: a busy, active fellowship office. Open its fellowships list before writing; if it still lists Payne, Pickering, Rangel or Mitchell as open, move the row to Tier 1.",https://fulbrightprogram.org/fulbright-top-producing-institutions/,,verified: on official 2025-26 list,2026-09-15,university-of-alabama
4,The University of Tampa,National/prestigious fellowships office,"Fulbright U.S. Student top producer 2025-26: a busy, active fellowship office. Open its fellowships list before writing; if it still lists Payne, Pickering, Rangel or Mitchell as open, move the row to Tier 1.",https://fulbrightprogram.org/fulbright-top-producing-institutions/,,verified: on official 2025-26 list,2026-09-15,university-of-tampa
4,"The University of Tennessee, Knoxville",National/prestigious fellowships office,"Fulbright U.S. Student top producer 2025-26: a busy, active fellowship office. Open its fellowships list before writing; if it still lists Payne, Pickering, Rangel or Mitchell as open, move the row to Tier 1.",https://fulbrightprogram.org/fulbright-top-producing-institutions/,,verified: on official 2025-26 list,2026-09-15,university-of-tennessee-knox
4,Tufts University,National/prestigious fellowships office,"Fulbright U.S. Student top producer 2025-26: a busy, active fellowship office. Open its fellowships list before writing; if it still lists Payne, Pickering, Rangel or Mitchell as open, move the row to Tier 1. Also listed in a higher tier; send one email, not two.",https://fulbrightprogram.org/fulbright-top-producing-institutions/,,verified: on official 2025-26 list,2026-09-15,tufts-university
4,Tulane University,National/prestigious fellowships office,"Fulbright U.S. Student top producer 2025-26: a busy, active fellowship office. Open its fellowships list before writing; if it still lists Payne, Pickering, Rangel or Mitchell as open, move the row to Tier 1.",https://fulbrightprogram.org/fulbright-top-producing-institutions/,,verified: on official 2025-26 list,2026-09-15,tulane-university
4,United States Air Force Academy,National/prestigious fellowships office,"Fulbright U.S. Student top producer 2025-26: a busy, active fellowship office. Open its fellowships list before writing; if it still lists Payne, Pickering, Rangel or Mitchell as open, move the row to Tier 1.",https://fulbrightprogram.org/fulbright-top-producing-institutions/,,verified: on official 2025-26 list,2026-09-15,united-states-air-force-acad
4,"University of California, Los Angeles",National/prestigious fellowships office,"Fulbright U.S. Student top producer 2025-26: a busy, active fellowship office. Open its fellowships list before writing; if it still lists Payne, Pickering, Rangel or Mitchell as open, move the row to Tier 1.",https://fulbrightprogram.org/fulbright-top-producing-institutions/,,verified: on official 2025-26 list,2026-09-15,university-of-california-los
4,University of Chicago,National/prestigious fellowships office,"Fulbright U.S. Student top producer 2025-26: a busy, active fellowship office. Open its fellowships list before writing; if it still lists Payne, Pickering, Rangel or Mitchell as open, move the row to Tier 1.",https://fulbrightprogram.org/fulbright-top-producing-institutions/,,verified: on official 2025-26 list,2026-09-15,university-of-chicago
4,University of Georgia,National/prestigious fellowships office,"Fulbright U.S. Student top producer 2025-26: a busy, active fellowship office. Open its fellowships list before writing; if it still lists Payne, Pickering, Rangel or Mitchell as open, move the row to Tier 1.",https://fulbrightprogram.org/fulbright-top-producing-institutions/,,verified: on official 2025-26 list,2026-09-15,university-of-georgia
4,University of Iowa,National/prestigious fellowships office,"Fulbright U.S. Student top producer 2025-26: a busy, active fellowship office. Open its fellowships list before writing; if it still lists Payne, Pickering, Rangel or Mitchell as open, move the row to Tier 1.",https://fulbrightprogram.org/fulbright-top-producing-institutions/,,verified: on official 2025-26 list,2026-09-15,university-of-iowa
4,University of Michigan-Ann Arbor,National/prestigious fellowships office,"Fulbright U.S. Student top producer 2025-26: a busy, active fellowship office. Open its fellowships list before writing; if it still lists Payne, Pickering, Rangel or Mitchell as open, move the row to Tier 1. TRIED: Rangel/Pickering/Payne and Mitchell pages returned 403; check by hand: https://lsa.umich.edu/onsf/scholarships/global-policy/rangel-pickering-payne.html",https://fulbrightprogram.org/fulbright-top-producing-institutions/,,verified: on official 2025-26 list,2026-09-15,university-of-michigan-ann-a
4,University of New Hampshire-Main Campus,National/prestigious fellowships office,"Fulbright U.S. Student top producer 2025-26: a busy, active fellowship office. Open its fellowships list before writing; if it still lists Payne, Pickering, Rangel or Mitchell as open, move the row to Tier 1. TRIED: Payne page returned 403 to automated fetch; check by hand: https://www.unh.edu/fellowships-office/resource/donald-m-payne-international-development-fellowship",https://fulbrightprogram.org/fulbright-top-producing-institutions/,,verified: on official 2025-26 list,2026-09-15,university-of-new-hampshire-
4,University of North Carolina at Chapel Hill,National/prestigious fellowships office,"Fulbright U.S. Student top producer 2025-26: a busy, active fellowship office. Open its fellowships list before writing; if it still lists Payne, Pickering, Rangel or Mitchell as open, move the row to Tier 1. Mitchell page already shows the pause; do not use the Mitchell angle. Also listed in a higher tier; send one email, not two.",https://fulbrightprogram.org/fulbright-top-producing-institutions/,,verified: on official 2025-26 list,2026-09-15,university-of-north-carolina
4,University of North Georgia,National/prestigious fellowships office,"Fulbright U.S. Student top producer 2025-26: a busy, active fellowship office. Open its fellowships list before writing; if it still lists Payne, Pickering, Rangel or Mitchell as open, move the row to Tier 1.",https://fulbrightprogram.org/fulbright-top-producing-institutions/,,verified: on official 2025-26 list,2026-09-15,university-of-north-georgia
4,University of Notre Dame,National/prestigious fellowships office,"Fulbright U.S. Student top producer 2025-26: a busy, active fellowship office. Open its fellowships list before writing; if it still lists Payne, Pickering, Rangel or Mitchell as open, move the row to Tier 1.",https://fulbrightprogram.org/fulbright-top-producing-institutions/,,verified: on official 2025-26 list,2026-09-15,university-of-notre-dame
4,University of Pennsylvania,National/prestigious fellowships office,"Fulbright U.S. Student top producer 2025-26: a busy, active fellowship office. Open its fellowships list before writing; if it still lists Payne, Pickering, Rangel or Mitchell as open, move the row to Tier 1. TRIED: Payne page is behind PennKey login and could not be read: https://curf.upenn.edu/content/payne",https://fulbrightprogram.org/fulbright-top-producing-institutions/,,verified: on official 2025-26 list,2026-09-15,university-of-pennsylvania
4,University of Portland,National/prestigious fellowships office,"Fulbright U.S. Student top producer 2025-26: a busy, active fellowship office. Open its fellowships list before writing; if it still lists Payne, Pickering, Rangel or Mitchell as open, move the row to Tier 1.",https://fulbrightprogram.org/fulbright-top-producing-institutions/,,verified: on official 2025-26 list,2026-09-15,university-of-portland
4,University of Southern California,National/prestigious fellowships office,"Fulbright U.S. Student top producer 2025-26: a busy, active fellowship office. Open its fellowships list before writing; if it still lists Payne, Pickering, Rangel or Mitchell as open, move the row to Tier 1.",https://fulbrightprogram.org/fulbright-top-producing-institutions/,,verified: on official 2025-26 list,2026-09-15,university-of-southern-calif
4,University of Texas at Austin,National/prestigious fellowships office,"Fulbright U.S. Student top producer 2025-26: a busy, active fellowship office. Open its fellowships list before writing; if it still lists Payne, Pickering, Rangel or Mitchell as open, move the row to Tier 1.",https://fulbrightprogram.org/fulbright-top-producing-institutions/,,verified: on official 2025-26 list,2026-09-15,university-of-texas-at-austi
4,University of Virginia,National/prestigious fellowships office,"Fulbright U.S. Student top producer 2025-26: a busy, active fellowship office. Open its fellowships list before writing; if it still lists Payne, Pickering, Rangel or Mitchell as open, move the row to Tier 1.",https://fulbrightprogram.org/fulbright-top-producing-institutions/,,verified: on official 2025-26 list,2026-09-15,university-of-virginia
4,Vassar College,National/prestigious fellowships office,"Fulbright U.S. Student top producer 2025-26: a busy, active fellowship office. Open its fellowships list before writing; if it still lists Payne, Pickering, Rangel or Mitchell as open, move the row to Tier 1.",https://fulbrightprogram.org/fulbright-top-producing-institutions/,,verified: on official 2025-26 list,2026-09-15,vassar-college
4,Villanova University,National/prestigious fellowships office,"Fulbright U.S. Student top producer 2025-26: a busy, active fellowship office. Open its fellowships list before writing; if it still lists Payne, Pickering, Rangel or Mitchell as open, move the row to Tier 1.",https://fulbrightprogram.org/fulbright-top-producing-institutions/,,verified: on official 2025-26 list,2026-09-15,villanova-university
4,Wabash College,National/prestigious fellowships office,"Fulbright U.S. Student top producer 2025-26: a busy, active fellowship office. Open its fellowships list before writing; if it still lists Payne, Pickering, Rangel or Mitchell as open, move the row to Tier 1.",https://fulbrightprogram.org/fulbright-top-producing-institutions/,,verified: on official 2025-26 list,2026-09-15,wabash-college
4,Washington University in St. Louis,National/prestigious fellowships office,"Fulbright U.S. Student top producer 2025-26: a busy, active fellowship office. Open its fellowships list before writing; if it still lists Payne, Pickering, Rangel or Mitchell as open, move the row to Tier 1.",https://fulbrightprogram.org/fulbright-top-producing-institutions/,,verified: on official 2025-26 list,2026-09-15,washington-university-in-st-
4,Washington and Lee University,National/prestigious fellowships office,"Fulbright U.S. Student top producer 2025-26: a busy, active fellowship office. Open its fellowships list before writing; if it still lists Payne, Pickering, Rangel or Mitchell as open, move the row to Tier 1. Also listed in a higher tier; send one email, not two.",https://fulbrightprogram.org/fulbright-top-producing-institutions/,,verified: on official 2025-26 list,2026-09-15,washington-and-lee-universit
4,Wellesley College,National/prestigious fellowships office,"Fulbright U.S. Student top producer 2025-26: a busy, active fellowship office. Open its fellowships list before writing; if it still lists Payne, Pickering, Rangel or Mitchell as open, move the row to Tier 1.",https://fulbrightprogram.org/fulbright-top-producing-institutions/,,verified: on official 2025-26 list,2026-09-15,wellesley-college
4,Wesleyan University,National/prestigious fellowships office,"Fulbright U.S. Student top producer 2025-26: a busy, active fellowship office. Open its fellowships list before writing; if it still lists Payne, Pickering, Rangel or Mitchell as open, move the row to Tier 1.",https://fulbrightprogram.org/fulbright-top-producing-institutions/,,verified: on official 2025-26 list,2026-09-15,wesleyan-university
4,Western Washington University,National/prestigious fellowships office,"Fulbright U.S. Student top producer 2025-26: a busy, active fellowship office. Open its fellowships list before writing; if it still lists Payne, Pickering, Rangel or Mitchell as open, move the row to Tier 1.",https://fulbrightprogram.org/fulbright-top-producing-institutions/,,verified: on official 2025-26 list,2026-09-15,western-washington-universit
4,Williams College,National/prestigious fellowships office,"Fulbright U.S. Student top producer 2025-26: a busy, active fellowship office. Open its fellowships list before writing; if it still lists Payne, Pickering, Rangel or Mitchell as open, move the row to Tier 1.",https://fulbrightprogram.org/fulbright-top-producing-institutions/,,verified: on official 2025-26 list,2026-09-15,williams-college
4,Yale University,National/prestigious fellowships office,"Fulbright U.S. Student top producer 2025-26: a busy, active fellowship office. Open its fellowships list before writing; if it still lists Payne, Pickering, Rangel or Mitchell as open, move the row to Tier 1.",https://fulbrightprogram.org/fulbright-top-producing-institutions/,,verified: on official 2025-26 list,2026-09-15,yale-university
5,National Association of Fellowships Advisors (NAFA),"Association, 750+ individual members","Every fellowship office in one place. Approach about a newsletter mention or a conference resource table, never a mass email to the roster. The roster is public, so use it to find offices for Tier 4.",https://www.nafadvisors.org/membership/membership-roster/,,verified: exists,2026-09-15,nafa
6,Dickinson College,Undergraduate Admissions — gap year deferral,"Publishes a gap year deferral policy, so it answers families' 'what would they do with the year' questions. Send the counselor version in January, not now.",https://www.dickinson.edu/info/20256/apply/1087/deferral_and_gap_year,,found via search: page exists,,dickinson-college
6,Fordham University,Undergraduate Admissions — gap year deferral,"Publishes a gap year deferral policy, so it answers families' 'what would they do with the year' questions. Send the counselor version in January, not now.",https://www.fordham.edu/undergraduate-admission/apply/how-to-apply/request-for-deferral-to-future-term-or-gap-year/,,found via search: page exists,,fordham-university
6,Georgia Institute of Technology,Undergraduate Admissions — gap year deferral,"Publishes a gap year deferral policy, so it answers families' 'what would they do with the year' questions. Send the counselor version in January, not now.",https://admission.gatech.edu/first-year/defer-enrollment-gap-year,,found via search: page exists,,georgia-institute-of-tec
6,Middlebury College,Undergraduate Admissions — gap year deferral,"Publishes a gap year deferral policy, so it answers families' 'what would they do with the year' questions. Send the counselor version in January, not now.",http://www.middlebury.edu/admissions/apply/gapyear,,found via search: page exists,,middlebury-college
6,University of Oregon,Undergraduate Admissions — gap year deferral,"Publishes a gap year deferral policy, so it answers families' 'what would they do with the year' questions. Send the counselor version in January, not now.",https://admissions.uoregon.edu/gap-year,,found via search: page exists,,university-of-oregon
6,Washington and Lee University,Undergraduate Admissions — gap year deferral,"Publishes a gap year deferral policy, so it answers families' 'what would they do with the year' questions. Send the counselor version in January, not now.",https://www.wlu.edu/admissions/apply/the-gap-year,,found via search: page exists,,washington-and-lee-unive
